Tracking Number,Order Number,Delivered Date
356361571726038,361571726038,6/14/2023 2:52:30 PM
356745488561657,745488561657,6/13/2023 5:57:54 PM
356711246561543,711246561543,6/13/2023 1:34:41 PM
356513354480275,513354480275,
356192903444547,192903444547,6/13/2023 1:32:46 PM
356838642387090,838642387090,6/12/2023 4:53:54 PM
356455770141208,455770141208,6/11/2023 10:59:08 AM
356138259138649,138259138649,6/8/2023 9:09:31 AM
356386471135834,386471135834,
356605387122130,605387122130,6/11/2023 4:22:31 PM
356951838120024,951838120024,6/7/2023 1:21:55 PM
356789192054778,789192054778,6/7/2023 1:21:55 PM
356129600046066,129600046066,6/7/2023 3:28:17 PM
356622826022817,622826022817,6/12/2023 5:17:13 AM
356144328976081,144328976081,
356583381885834,583381885834,6/5/2023 1:04:52 PM
356764011873944,764011873944,6/6/2023 5:54:00 PM
356753308793213,753308793213,6/5/2023 12:52:15 PM
356270528743080,270528743080,6/4/2023 12:40:48 PM
356139469700265,139469700265,6/5/2023 3:13:34 PM
356878787648851,878787648851,6/3/2023 5:15:46 PM
356550083615638,550083615638,6/3/2023 10:35:19 PM
356377151607441,377151607441,6/3/2023 6:19:04 PM
356397905379016,397905379016,
356968134377027,968134377027,5/30/2023 1:44:46 PM
356279917325953,279917325953,5/30/2023 2:08:17 PM
356516340311852,516340311852,5/31/2023 2:05:17 PM
356803801230385,803801230385,5/29/2023 7:25:21 PM
356546000204479,546000204479,5/28/2023 1:22:16 PM
356761955044556,761955044556,5/28/2023 2:06:39 PM
356934493008564,934493008564,5/28/2023 2:08:21 PM
356222707939575,222707939575,5/27/2023 6:05:47 PM
356798790931063,798790931063,5/25/2023 12:27:38 PM
356220360896674,220360896674,6/1/2023 3:08:40 PM
356567224852417,567224852417,5/24/2023 4:25:18 PM
356723106850377,723106850377,5/24/2023 3:41:26 PM
356166983848347,166983848347,
356980067843842,980067843842,5/24/2023 10:55:03 AM
356507739835837,507739835837,5/24/2023 1:10:52 PM
356945986831855,945986831855,5/24/2023 12:25:25 PM
356456621797508,456621797508,5/23/2023 2:04:03 PM
356914250753211,914250753211,5/23/2023 2:23:11 PM
356979309771984,979309771984,5/25/2023 3:31:54 PM
356396297747177,396297747177,
356510255704341,510255704341,5/25/2023 6:47:18 PM
356335182678822,335182678822,
356292880560934,292880560934,5/20/2023 1:14:13 PM
356314152488508,314152488508,5/22/2023 7:04:08 PM
356406460419421,406460419421,5/20/2023 2:52:51 PM
356285497342962,285497342962,5/20/2023 2:26:24 PM
356905874253743,905874253743,5/20/2023 2:53:22 PM
356809735224485,809735224485,5/17/2023 11:02:21 AM
356934032222638,934032222638,
356962017204879,962017204879,5/20/2023 1:06:06 PM
356812741178887,812741178887,5/17/2023 11:00:44 AM
356440801163975,440801163975,5/17/2023 9:20:21 AM
356278753163877,278753163877,5/17/2023 2:26:51 PM
356968233163774,968233163774,5/17/2023 2:31:15 PM
356379933163687,379933163687,5/18/2023 2:13:19 PM
356900969163587,900969163587,5/17/2023 4:52:29 PM
356476431163514,476431163514,
356566903163430,566903163430,
356985582163335,985582163335,5/17/2023 10:45:43 AM
356462899163248,462899163248,5/17/2023 10:40:24 AM
356740958163168,740958163168,5/17/2023 3:41:06 PM
356933949163061,933949163061,5/17/2023 2:54:33 PM
356989388162269,989388162269,5/19/2023 9:44:37 PM
356453481162154,453481162154,5/17/2023 3:34:45 PM
356338391162023,338391162023,5/17/2023 10:54:49 AM
356504484161898,504484161898,5/17/2023 3:22:45 PM
356466062161769,466062161769,5/17/2023 5:35:06 PM
356903067161667,903067161667,5/17/2023 11:02:57 PM
356605210161234,605210161234,
356970869159361,970869159361,5/20/2023 7:00:45 PM
356455043159213,455043159213,5/17/2023 4:29:07 PM
356635227159013,635227159013,5/18/2023 7:18:38 PM
356412670158891,412670158891,5/17/2023 4:17:22 PM
356284568158739,284568158739,5/17/2023 5:00:26 PM
356174917158578,174917158578,5/17/2023 2:53:49 PM
356412257158272,412257158272,5/17/2023 9:57:12 AM
356607392158175,607392158175,5/17/2023 5:34:06 PM
356480646158042,480646158042,5/20/2023 4:09:55 PM
356875835157910,875835157910,5/20/2023 9:42:13 PM
356416868157754,416868157754,5/18/2023 8:49:04 AM
356888397157614,888397157614,
356151766157464,151766157464,5/18/2023 6:09:22 PM
356155652157308,155652157308,5/17/2023 9:40:42 PM
356698493157097,698493157097,
356363685156894,363685156894,5/18/2023 4:33:32 PM
356789273156828,789273156828,5/18/2023 5:06:21 PM
356447665156668,447665156668,
356658484155513,658484155513,
356322883155353,322883155353,
356216310155227,216310155227,
356629380154793,629380154793,
356410057154659,410057154659,
356974600154565,974600154565,
356606496154484,606496154484,
356772265154322,772265154322,
356455628154217,455628154217,
356290743154081,290743154081,
356134035153934,134035153934,
356111852153656,111852153656,
356333101153519,333101153519,
356571040153391,571040153391,
356533751153155,533751153155,
356878363153015,878363153015,
356220448152811,220448152811,
356906045152513,906045152513,5/16/2023 10:06:37 AM
356170988098564,170988098564,5/15/2023 11:24:57 AM
356439953081745,439953081745,5/15/2023 10:33:56 AM
356856586081624,856586081624,6/5/2023 1:03:30 AM
356424126048012,424126048012,5/15/2023 10:33:46 AM
356359478975202,359478975202,5/15/2023 9:31:21 AM
356456677966394,456677966394,5/14/2023 10:36:21 AM
356800952914363,800952914363,5/13/2023 9:47:45 AM
356218267835496,218267835496,5/15/2023 1:23:54 PM
356382277831356,382277831356,5/15/2023 5:16:51 PM
356952875823352,952875823352,5/14/2023 3:19:03 PM
356317325823002,317325823002,5/13/2023 4:11:58 PM
356945818821836,945818821836,5/14/2023 10:37:12 AM
356146475819147,146475819147,
356282766667004,282766667004,5/13/2023 4:16:24 PM
356832567665443,832567665443,5/10/2023 10:46:13 AM
356412591633195,412591633195,5/10/2023 8:25:21 AM
356347513622637,347513622637,5/9/2023 9:10:38 AM
356461345602512,461345602512,
356465521601686,465521601686,5/9/2023 10:52:57 AM
356440432537489,440432537489,5/10/2023 8:24:47 AM
356189279535850,189279535850,
356642520483967,642520483967,5/8/2023 12:52:11 PM
356235581473536,235581473536,5/8/2023 10:41:12 AM
356812007461207,812007461207,5/11/2023 1:00:12 PM
356472429460563,472429460563,5/8/2023 10:40:32 AM
356557758451695,557758451695,5/8/2023 7:51:19 AM
356422776438672,422776438672,5/8/2023 11:29:03 AM
356624211373974,624211373974,5/7/2023 1:56:29 PM
356854240372215,854240372215,5/9/2023 8:03:25 PM
356734514370570,734514370570,5/7/2023 2:07:05 PM
356265679369256,265679369256,5/8/2023 11:23:35 AM
356580145362088,580145362088,5/7/2023 10:34:16 AM
356762656360481,762656360481,5/7/2023 8:28:39 AM
356969163311631,969163311631,5/9/2023 2:50:55 PM
356464582311053,464582311053,5/9/2023 11:16:31 AM
356172217263659,172217263659,5/8/2023 1:19:14 PM
356463428247342,463428247342,5/10/2023 1:04:21 PM
356686842217276,686842217276,5/7/2023 9:16:05 AM
356846130212394,846130212394,5/6/2023 9:35:53 AM
356678201210086,678201210086,5/6/2023 3:14:49 PM
356233319518526,233319518526,5/6/2023 1:35:56 PM
356824436147695,824436147695,5/8/2023 11:01:59 AM
356305104130349,305104130349,5/3/2023 5:10:35 PM
356277033126006,277033126006,5/4/2023 12:51:55 PM
89584812,3382-13516,5/4/2023 6:26:49 AM
63728206,ord010203,5/4/2023 5:11:59 AM
356931829103699,931829103699,5/4/2023 10:38:58 AM
356425910102154,425910102154,
356569311037499,569311037499,5/4/2023 11:01:48 PM
356887372035319,887372035319,5/3/2023 6:48:24 PM
356357958029619,357958029619,5/4/2023 11:02:02 AM
356849100024186,849100024186,5/4/2023 2:30:10 PM
356151028990071,151028990071,5/16/2023 10:07:10 AM
356838939978773,838939978773,5/4/2023 11:49:25 AM
356986411974777,986411974777,5/3/2023 11:17:14 AM
356951307973514,951307973514,5/8/2023 3:15:17 PM
356973567970435,973567970435,5/4/2023 10:26:08 AM
356354241961249,354241961249,5/2/2023 1:16:31 PM
356510763925594,510763925594,5/1/2023 12:08:14 PM
356147882890026,147882890026,5/4/2023 9:07:00 PM
356581461888509,581461888509,
356481070884036,481070884036,5/7/2023 10:12:21 AM
356395781879268,395781879268,5/3/2023 2:03:39 PM
356794561867815,794561867815,5/1/2023 1:52:51 PM
356531650798183,531650798183,5/1/2023 2:41:52 PM
356450794777581,450794777581,5/1/2023 9:52:00 AM
356236473764891,236473764891,4/30/2023 10:22:37 AM
356657146698988,657146698988,5/2/2023 11:05:51 AM
356190200679566,190200679566,4/29/2023 11:57:37 AM
356492852673791,492852673791,5/1/2023 2:35:13 PM
356495786580328,495786580328,4/30/2023 11:49:07 AM
356824436532166,824436532166,
356278774525487,278774525487,4/27/2023 10:40:52 AM
356287783499731,287783499731,4/30/2023 10:17:04 AM
356496298498389,496298498389,
356301611488018,301611488018,4/26/2023 12:21:45 PM
356796810471497,796810471497,4/27/2023 9:51:52 AM
356428626421644,428626421644,
356831630360177,831630360177,4/29/2023 11:50:26 AM
356644473345885,644473345885,
356442314345816,442314345816,
356568737336965,568737336965,4/26/2023 1:50:04 PM
356851631318943,851631318943,4/26/2023 4:37:26 PM
356202212262198,202212262198,4/30/2023 2:21:53 PM
356120930160600,120930160600,4/26/2023 1:55:19 PM
356339440970824,339440970824,4/27/2023 1:56:50 PM
356444580916476,444580916476,4/26/2023 8:24:41 PM
356255904877587,255904877587,4/26/2023 11:35:57 AM
356534911815261,534911815261,
3565226020626862,5226020626862,
3568817676921072,8817676921072,4/19/2023 2:26:03 PM
3566186008874002,6186008874002,
3562782348692672,2782348692672,
3563458208691342,3458208691342,
3563311508575802,3311508575802,
3567125798574392,7125798574392,4/25/2023 9:59:21 AM
3566519558472172,6519558472172,
3569394437761642,9394437761642,
3567989255977872,7989255977872,4/27/2023 10:26:00 AM
356156260786703,156260786703,5/14/2023 9:33:14 AM
356912765782798,912765782798,4/18/2023 12:08:17 PM
356655332735125,655332735125,5/17/2023 2:53:12 PM
356327837697915,327837697915,4/19/2023 10:29:59 AM
356761710684958,761710684958,
356639022682342,639022682342,4/26/2023 10:12:34 AM
356137524660270,137524660270,4/17/2023 12:55:33 PM
356252250656330,252250656330,5/16/2023 10:49:47 AM
356652486644327,652486644327,
356518856635781,518856635781,4/17/2023 6:17:34 PM
356761413632117,761413632117,4/30/2023 6:15:54 AM
356310701629237,310701629237,4/18/2023 10:29:46 AM
356708737612143,708737612143,
356645141594945,645141594945,4/27/2023 1:43:48 PM
356918131590495,918131590495,
356868147585354,868147585354,4/25/2023 3:19:35 PM
356161314570791,161314570791,4/18/2023 1:04:54 PM
356626654569850,626654569850,4/27/2023 7:51:55 AM
356705027567813,705027567813,
356402725566945,402725566945,4/18/2023 1:00:12 PM
356757535558294,757535558294,
356147815556383,147815556383,4/17/2023 1:40:51 PM
356170769554186,170769554186,
356177579548101,177579548101,4/18/2023 12:28:05 PM
356816295547842,816295547842,4/17/2023 7:59:29 PM
356870902545775,870902545775,4/17/2023 1:46:31 PM
356945863536179,945863536179,4/26/2023 1:29:11 PM
356238339536090,238339536090,
356743655534335,743655534335,4/19/2023 1:46:42 AM
356945958531839,945958531839,4/18/2023 2:23:32 PM
356816671527673,816671527673,5/1/2023 11:35:26 AM
356188505522784,188505522784,
356327935522387,327935522387,4/29/2023 9:56:46 PM
356439289522381,439289522381,4/19/2023 12:29:33 PM
356345057516654,345057516654,4/18/2023 6:42:20 PM
356658378515887,658378515887,
356272161513193,272161513193,4/17/2023 7:19:26 PM
356780461505135,780461505135,4/27/2023 10:55:18 AM
356554036501453,554036501453,4/18/2023 4:46:12 PM
356600756501268,600756501268,
356159657498415,159657498415,
356938492498416,938492498416,4/17/2023 11:52:35 AM
356892094498024,892094498024,
356947544497053,947544497053,4/17/2023 2:40:19 PM
356331180495731,331180495731,4/17/2023 12:01:12 PM
356557100487933,557100487933,4/17/2023 2:35:51 PM
356337935486910,337935486910,4/18/2023 12:48:01 AM
356209023484587,209023484587,
356990317477990,990317477990,4/27/2023 2:39:58 PM
356209317475724,209317475724,4/18/2023 12:34:41 PM
356474324474138,474324474138,4/18/2023 6:41:32 PM
356763373467992,763373467992,
356275185466737,275185466737,4/18/2023 6:51:40 PM
356286208465869,286208465869,4/18/2023 6:52:04 PM
356303398465530,303398465530,4/18/2023 5:26:00 PM
356379005459893,379005459893,4/19/2023 11:00:20 AM
356672746454039,672746454039,
356118001451937,118001451937,
356183566450860,183566450860,4/29/2023 2:08:17 PM
356898609448997,898609448997,
356765548447966,765548447966,4/18/2023 2:01:36 PM
356322744440863,322744440863,
356416401439246,416401439246,
356921898436764,921898436764,4/26/2023 10:19:27 AM
356626718435855,626718435855,4/26/2023 8:19:15 PM
356113406435208,113406435208,4/17/2023 11:48:24 AM
356959389428545,959389428545,
356464064389961,464064389961,
356669346389488,669346389488,4/18/2023 5:17:36 PM
356128576388219,128576388219,4/17/2023 8:06:45 PM
356207860386975,207860386975,
356539950382519,539950382519,4/17/2023 12:17:43 PM
356265251375164,265251375164,4/17/2023 2:22:30 PM
356466276374215,466276374215,
356976509359803,976509359803,4/19/2023 1:36:00 AM
356664171334257,664171334257,4/17/2023 4:49:16 PM
356229933322400,229933322400,4/18/2023 12:01:38 PM
356258212312074,258212312074,
356158626312064,158626312064,4/18/2023 1:41:49 PM
356611207310700,611207310700,
356769126307120,769126307120,4/18/2023 10:51:46 AM
356812154305469,812154305469,
356420933303429,420933303429,5/2/2023 9:04:27 AM
356705103295371,705103295371,4/26/2023 12:59:29 PM
356526444290883,526444290883,4/18/2023 8:41:15 PM
356512365273544,512365273544,4/19/2023 7:09:22 PM
356163082262568,163082262568,
356990980262069,990980262069,4/17/2023 1:09:26 PM
356832599257627,832599257627,4/18/2023 11:23:08 AM
356714814253986,714814253986,4/17/2023 1:09:10 PM
356551595253661,551595253661,4/26/2023 6:22:04 PM
356331010241302,331010241302,4/30/2023 5:19:58 PM
356996167227799,996167227799,4/18/2023 11:22:28 AM
356876078222489,876078222489,4/17/2023 1:10:15 PM
356156472220455,156472220455,
356987152220179,987152220179,
356804985219828,804985219828,4/17/2023 8:16:42 PM
356406192217614,406192217614,4/17/2023 2:33:56 PM
356682317215402,682317215402,4/11/2023 1:58:06 PM
356700428214049,700428214049,4/27/2023 8:23:29 AM
356699630213389,699630213389,4/18/2023 11:09:36 AM
356227946210747,227946210747,4/17/2023 7:07:35 PM
356429270210600,429270210600,
356607803209343,607803209343,4/18/2023 2:55:27 PM
356872760207829,872760207829,4/17/2023 12:10:07 PM
356295965207637,295965207637,4/17/2023 1:44:13 PM
356931866207277,931866207277,4/18/2023 12:43:36 PM
356911009204430,911009204430,4/23/2023 12:25:10 PM
356470324202938,470324202938,
356747438197818,747438197818,
356519372193646,519372193646,4/12/2023 8:21:42 PM
356545310192652,545310192652,4/13/2023 12:09:09 PM
356575678192076,575678192076,4/17/2023 8:07:20 PM
356820274189812,820274189812,4/13/2023 5:47:49 PM
356471056179930,471056179930,4/13/2023 2:30:34 PM
356691896171794,691896171794,4/17/2023 6:04:13 PM
356645546167614,645546167614,4/13/2023 6:09:03 PM
356847460158444,847460158444,4/16/2023 12:45:41 PM
356198303156052,198303156052,4/17/2023 12:25:19 PM
356113659154462,113659154462,4/13/2023 4:08:28 PM
356139256148790,139256148790,4/18/2023 11:52:56 AM
356980753141310,980753141310,4/12/2023 12:42:10 PM
356793012140275,793012140275,4/18/2023 12:00:07 PM
356161674138385,161674138385,4/18/2023 12:47:51 PM
356323400136595,323400136595,4/18/2023 12:05:05 PM
356934272132348,934272132348,4/12/2023 8:27:41 PM
356931899130692,931899130692,4/13/2023 3:19:08 PM
356945464129828,945464129828,
356445693128880,445693128880,4/17/2023 3:46:41 PM
356392037128881,392037128881,4/13/2023 2:28:03 PM
356916764128773,916764128773,4/17/2023 11:46:14 AM
356141308128698,141308128698,4/18/2023 11:33:42 AM
356171526127521,171526127521,4/19/2023 1:05:01 PM
356831494127293,831494127293,
356952886124415,952886124415,4/18/2023 11:14:37 AM
356179376124233,179376124233,4/30/2023 2:35:30 PM
356509752120081,509752120081,4/13/2023 6:19:08 PM
356957488119106,957488119106,4/11/2023 2:05:56 PM
356172490116175,172490116175,4/15/2023 6:48:25 PM
356662643114762,662643114762,4/13/2023 1:13:29 PM
356768812111842,768812111842,4/12/2023 11:30:37 PM
356178866108767,178866108767,4/11/2023 5:36:49 PM
356363468100265,363468100265,4/10/2023 5:35:42 PM
356428221089806,428221089806,4/10/2023 12:28:31 PM
356463372072192,463372072192,4/13/2023 3:20:35 PM
356132336071028,132336071028,4/12/2023 11:01:30 PM
356376907070871,376907070871,
356223671069531,223671069531,4/12/2023 4:27:23 PM
356698648068268,698648068268,4/11/2023 6:27:06 PM
356163490068244,163490068244,4/13/2023 5:59:10 PM
356466720067901,466720067901,4/13/2023 12:51:02 PM
356113812063976,113812063976,4/11/2023 7:55:14 PM
356218648062309,218648062309,4/11/2023 12:41:27 PM
356196913054844,196913054844,4/11/2023 2:21:49 PM
356620386053396,620386053396,4/11/2023 12:54:26 PM
356375623052915,375623052915,4/16/2023 5:20:59 PM
356427513049780,427513049780,
356374335047637,374335047637,4/12/2023 8:01:30 PM
356925395047537,925395047537,4/12/2023 5:35:18 PM
356966099045781,966099045781,4/11/2023 11:21:43 AM
356626837044302,626837044302,4/13/2023 1:30:14 PM
356267398043854,267398043854,4/12/2023 7:43:53 PM
356323432041117,323432041117,4/11/2023 2:33:12 PM
356952743040963,952743040963,4/11/2023 3:38:04 PM
356960418039055,960418039055,4/11/2023 11:08:34 AM
356114120038117,114120038117,4/11/2023 2:05:59 PM
356737254032439,737254032439,4/11/2023 9:52:54 AM
356823527032217,823527032217,
356674902031870,674902031870,4/10/2023 2:32:12 PM
356176078024749,176078024749,4/11/2023 5:23:09 PM
356120802023044,120802023044,4/13/2023 4:37:04 PM
356707729021097,707729021097,4/10/2023 2:31:59 PM
356734509014768,734509014768,4/10/2023 9:28:58 PM
356301837012134,301837012134,4/10/2023 3:16:34 PM
356494482010608,494482010608,4/11/2023 1:02:35 PM
356867811009670,867811009670,4/11/2023 12:26:36 AM
356498601004544,498601004544,4/11/2023 3:54:25 PM
356912721999456,912721999456,4/13/2023 12:01:38 AM
356256731991781,256731991781,4/11/2023 1:25:57 PM
356180955989131,180955989131,4/10/2023 12:34:36 PM
356336188987004,336188987004,4/10/2023 3:59:08 PM
356678431986227,678431986227,4/10/2023 8:42:31 PM
356619006984973,619006984973,4/10/2023 12:18:34 PM
356993113976186,993113976186,4/10/2023 2:04:35 PM
356167822970874,167822970874,4/13/2023 6:22:49 PM
356645487966973,645487966973,4/10/2023 7:21:21 PM
356456792963864,456792963864,4/10/2023 1:06:32 PM
356131922961358,131922961358,4/11/2023 5:06:20 PM
356674112958241,674112958241,4/11/2023 1:37:58 PM
356541934953263,541934953263,4/10/2023 2:22:04 PM
356398745951637,398745951637,4/10/2023 2:11:42 PM
356405441946210,405441946210,4/10/2023 3:10:28 PM
356974570938035,974570938035,
356926058936364,926058936364,4/11/2023 10:42:40 AM
356352636931751,352636931751,4/9/2023 1:24:25 PM
356721146924397,721146924397,
356398227915030,398227915030,4/10/2023 7:57:10 PM
356761786912515,761786912515,4/10/2023 7:59:11 PM
356469644909627,469644909627,4/10/2023 3:35:46 PM
356642050905983,642050905983,4/10/2023 11:11:39 PM
356521401903965,521401903965,4/12/2023 12:57:24 PM
356943490896377,943490896377,4/9/2023 3:37:13 PM
356618600887400,618600887400,
356611298884417,611298884417,4/16/2023 12:25:51 PM
356344290884227,344290884227,4/10/2023 3:08:57 PM
356454846884009,454846884009,4/10/2023 11:55:18 AM
356467408881508,467408881508,4/13/2023 1:51:04 PM
356160339874894,160339874894,4/11/2023 1:30:51 PM
356911845874772,911845874772,4/11/2023 12:43:58 PM
356490252874709,490252874709,4/13/2023 12:31:57 AM
356248315871355,248315871355,4/10/2023 2:46:43 PM
356711127870883,711127870883,4/13/2023 1:28:37 AM
356278234869267,278234869267,
356345820869134,345820869134,
356571730866654,571730866654,
356722626863749,722626863749,4/9/2023 2:18:56 PM
356331150857580,331150857580,
356712579857439,712579857439,
356922626854314,922626854314,
356463200852518,463200852518,4/10/2023 4:40:38 PM
356651955847217,651955847217,
356702775838681,702775838681,4/10/2023 11:19:31 AM
356904552826441,904552826441,4/10/2023 8:46:00 PM
356228291819284,228291819284,4/18/2023 1:00:44 PM
356481710817445,481710817445,4/11/2023 1:53:51 PM
356266719799919,266719799919,4/10/2023 5:03:32 PM
356181527798359,181527798359,4/9/2023 2:45:40 PM
356989190797511,989190797511,4/8/2023 11:56:24 AM
356452824797207,452824797207,4/9/2023 1:23:30 PM
356730921790678,730921790678,4/8/2023 11:58:45 AM
356731165781121,731165781121,4/10/2023 11:39:29 AM
356692168780572,692168780572,4/10/2023 12:35:45 PM
356180330779736,180330779736,4/11/2023 4:06:52 PM
356686461779127,686461779127,4/10/2023 10:09:58 PM
356758152778173,758152778173,4/9/2023 11:43:23 AM
356729636777830,729636777830,4/8/2023 11:05:47 AM
356347318777737,347318777737,4/10/2023 10:56:03 PM
356879415777474,879415777474,4/8/2023 10:11:30 AM
356509032776908,509032776908,4/8/2023 12:28:53 PM
356490619776847,490619776847,4/9/2023 1:49:09 PM
356915443776734,915443776734,4/8/2023 12:06:37 PM
356114398776208,114398776208,4/11/2023 10:26:27 PM
356508344776196,508344776196,4/10/2023 4:36:39 PM
356939443776164,939443776164,
356361716776001,361716776001,
356361258775520,361258775520,
356954067775140,954067775140,
356773498775015,773498775015,4/8/2023 1:12:26 PM
356574004774093,574004774093,4/8/2023 7:43:03 PM
356305899774037,305899774037,4/8/2023 11:16:16 AM
356949238774027,949238774027,4/8/2023 12:19:11 PM
356934179771934,934179771934,4/10/2023 11:49:03 AM
356285001769248,285001769248,4/11/2023 4:21:18 PM
356172982768660,172982768660,4/10/2023 12:30:30 PM
356180572768330,180572768330,
356668973767025,668973767025,4/8/2023 11:55:05 AM
356259700766575,259700766575,4/19/2023 7:13:57 AM
356630227764905,630227764905,4/10/2023 4:52:47 PM
356473828758626,473828758626,4/10/2023 5:16:07 PM
356430059743975,430059743975,4/10/2023 2:42:22 PM
356208213728562,208213728562,
356783362723541,783362723541,4/6/2023 11:55:16 AM
356181533722336,181533722336,4/9/2023 5:17:43 PM
356352970712419,352970712419,4/8/2023 1:41:31 PM
356144424708984,144424708984,4/14/2023 9:00:47 PM
356303245706710,303245706710,4/10/2023 8:47:26 PM
356436786706649,436786706649,4/9/2023 4:48:32 PM
356889755705804,889755705804,4/8/2023 12:40:26 PM
356790033705319,790033705319,4/8/2023 12:45:35 PM
356360441693328,360441693328,4/8/2023 1:14:19 PM
356881767692107,881767692107,
356230714691739,230714691739,
356771432687010,771432687010,4/9/2023 3:12:41 PM
356322436686327,322436686327,4/9/2023 7:58:25 PM
356703296685986,703296685986,4/9/2023 8:26:54 PM
356368647683447,368647683447,4/6/2023 2:29:23 PM
356736068681381,736068681381,4/8/2023 4:01:13 PM
356406408677249,406408677249,4/8/2023 10:31:46 AM
356712833673293,712833673293,4/12/2023 12:43:04 PM
356322110668090,322110668090,4/11/2023 7:42:15 PM
356456252666263,456252666263,4/8/2023 2:22:39 PM
356212834663688,212834663688,4/9/2023 6:12:26 PM
356632101654713,632101654713,4/13/2023 3:41:08 PM
356997770653427,997770653427,4/9/2023 10:03:43 PM
356615666643998,615666643998,4/9/2023 2:00:45 PM
356822514643372,822514643372,
356540442641869,540442641869,4/11/2023 6:21:01 PM
356750068639281,750068639281,
356915847631751,915847631751,4/6/2023 10:52:28 AM
356729682627035,729682627035,4/8/2023 1:15:32 PM
356128817626737,128817626737,
356215253626532,215253626532,4/6/2023 10:41:05 AM
356730783625715,730783625715,4/9/2023 10:05:08 PM
356750562624693,750562624693,4/6/2023 11:07:04 AM
356255981624496,255981624496,4/11/2023 3:26:10 AM
356181246623959,181246623959,4/6/2023 1:15:52 PM
356388386622708,388386622708,4/9/2023 12:40:29 PM
356762348616780,762348616780,4/11/2023 1:00:39 PM
356814355616431,814355616431,4/5/2023 1:08:03 PM
356952914611897,952914611897,4/5/2023 2:30:49 PM
356145896609993,145896609993,4/6/2023 4:59:00 PM
356423109609304,423109609304,
356543597608140,543597608140,
356816468607145,816468607145,
356306785606270,306785606270,4/5/2023 3:33:48 PM
356203413605680,203413605680,4/5/2023 12:16:44 PM
356314787605358,314787605358,4/5/2023 12:48:44 PM
356838028604879,838028604879,4/5/2023 2:11:35 PM
356307542603631,307542603631,4/5/2023 12:36:41 PM
356768993603088,768993603088,4/8/2023 3:05:25 PM
356770703601161,770703601161,4/5/2023 1:11:11 PM
356871446600988,871446600988,4/6/2023 2:16:14 PM
356458442600937,458442600937,4/5/2023 11:31:26 AM
356398356599986,398356599986,4/8/2023 2:14:21 PM
356443955598426,443955598426,4/5/2023 12:16:15 PM
356798925597787,798925597787,
356295299597371,295299597371,4/11/2023 4:20:54 PM
356789393597043,789393597043,4/6/2023 3:06:40 PM
356154864587688,154864587688,
356712590584043,712590584043,4/9/2023 2:25:58 PM
356379922567362,379922567362,4/5/2023 1:19:07 PM
356755920560011,755920560011,4/7/2023 3:24:34 PM
356978924558559,978924558559,4/6/2023 10:12:32 PM
356402042555482,402042555482,4/5/2023 12:33:38 PM
356931865551994,931865551994,4/5/2023 5:50:25 PM
356541571542861,541571542861,4/5/2023 12:20:32 PM
356882672541000,882672541000,4/7/2023 5:23:41 PM
356660589537282,660589537282,4/5/2023 10:50:08 AM
356263477533804,263477533804,4/5/2023 11:10:29 AM
356917120532294,917120532294,4/6/2023 1:06:56 AM
356931427531395,931427531395,4/11/2023 2:50:34 PM
356703567528593,703567528593,
356219244525393,219244525393,4/7/2023 5:47:47 PM
356258795524917,258795524917,4/7/2023 1:02:57 PM
356364012524852,364012524852,4/7/2023 4:17:33 PM
356927298524688,927298524688,4/5/2023 8:42:55 AM
356595865523664,595865523664,4/5/2023 11:16:04 PM
356730024523547,730024523547,4/5/2023 2:58:21 PM
356471685522776,471685522776,4/6/2023 10:55:09 AM
356336279522667,336279522667,4/8/2023 12:37:41 PM
356479474521315,479474521315,4/5/2023 1:20:35 PM
356345634520869,345634520869,4/5/2023 3:04:04 PM
356797897520746,797897520746,4/5/2023 1:01:25 PM
356695709520390,695709520390,4/5/2023 2:32:20 PM
356499385520026,499385520026,4/5/2023 11:35:48 AM
356210306519796,210306519796,4/7/2023 4:13:27 PM
356517594519593,517594519593,4/5/2023 10:21:22 AM
356754573519488,754573519488,4/11/2023 1:17:06 PM
356661710519447,661710519447,4/11/2023 1:32:01 PM
356898421519335,898421519335,4/5/2023 12:08:02 PM
356427018519142,427018519142,4/8/2023 3:49:48 PM
356400074518604,400074518604,4/5/2023 6:50:52 PM
356727180518577,727180518577,4/5/2023 1:22:33 PM
356938093518474,938093518474,4/6/2023 1:55:06 PM
356708363518129,708363518129,4/10/2023 4:55:05 AM
356689138516678,689138516678,
356235299516217,235299516217,4/7/2023 1:40:08 PM
356904582516005,904582516005,4/9/2023 3:33:52 PM
356781438516026,781438516026,4/8/2023 6:24:00 PM
356260801515974,260801515974,4/10/2023 6:38:37 PM
356534673514554,534673514554,4/5/2023 4:17:42 PM
356753812514356,753812514356,4/4/2023 12:30:26 PM
356722599514129,722599514129,4/5/2023 10:40:06 PM
356531369513921,531369513921,4/4/2023 1:17:13 PM
356489080513349,489080513349,4/4/2023 12:36:53 PM
356374222513282,374222513282,4/5/2023 6:46:32 PM
356116404513277,116404513277,4/13/2023 1:50:42 PM
356313518512336,313518512336,4/4/2023 10:37:57 AM
356843159511999,843159511999,4/9/2023 12:14:53 PM
356921157511778,921157511778,4/6/2023 2:58:41 PM
356580213510204,580213510204,4/4/2023 11:28:20 AM
356871747508158,871747508158,4/4/2023 4:05:20 PM
356320216508098,320216508098,4/5/2023 12:39:49 PM
356964507507659,964507507659,
356426717506410,426717506410,4/4/2023 11:23:05 AM
356549877506442,549877506442,4/5/2023 12:19:32 PM
356425125504199,425125504199,4/9/2023 6:24:09 PM
356646155492985,646155492985,4/8/2023 2:56:06 PM
356241872491676,241872491676,4/7/2023 12:35:31 PM
356849892491162,849892491162,4/4/2023 1:11:27 PM
356197053476649,197053476649,4/7/2023 2:02:15 PM
356854081467797,854081467797,4/6/2023 10:08:51 PM
356686009466445,686009466445,4/7/2023 6:10:39 PM
356467368458257,467368458257,4/3/2023 11:04:44 AM
356213107455786,213107455786,4/7/2023 5:45:15 PM
356646440452299,646440452299,
356851631449957,851631449957,4/6/2023 12:42:55 PM
356238255448069,238255448069,
356141387444298,141387444298,4/8/2023 9:02:34 PM
356307713444244,307713444244,4/4/2023 3:55:03 PM
356658960443641,658960443641,4/4/2023 12:28:27 PM
356820874443455,820874443455,4/7/2023 6:56:42 PM
356630017441095,630017441095,4/8/2023 1:14:20 PM
356919703439292,919703439292,4/4/2023 12:03:05 PM
356913752437848,913752437848,4/6/2023 12:27:11 PM
356574347437175,574347437175,4/4/2023 12:22:04 PM
356278275432173,278275432173,4/3/2023 2:25:30 PM
356810880431467,810880431467,4/4/2023 12:46:44 PM
356170318423232,170318423232,4/3/2023 12:55:45 PM
356487443422495,487443422495,4/4/2023 5:08:30 PM
356542023419045,542023419045,4/9/2023 6:28:39 PM
356698463414186,698463414186,4/3/2023 1:32:14 PM
356368511413609,368511413609,4/7/2023 7:27:59 PM
356791527408473,791527408473,4/5/2023 8:01:33 PM
356326805404629,326805404629,4/6/2023 10:29:30 AM
356740356403856,740356403856,4/6/2023 5:08:02 PM
356754402397803,754402397803,4/4/2023 11:00:05 AM
356416791395458,416791395458,4/6/2023 1:36:21 PM
356947130391171,947130391171,4/3/2023 4:44:01 PM
356391012385773,391012385773,4/4/2023 8:52:55 PM
356656242374108,656242374108,
356626203373555,626203373555,4/3/2023 12:12:22 PM
356597765363870,597765363870,4/6/2023 1:14:54 AM
356897149361792,897149361792,4/5/2023 2:30:20 PM
356167791357500,167791357500,4/6/2023 6:45:14 PM
356511582355151,511582355151,4/3/2023 2:04:20 PM
356869257354160,869257354160,4/5/2023 9:34:34 PM
356822380352900,822380352900,4/4/2023 7:16:20 PM
356419633352340,419633352340,4/3/2023 4:07:25 PM
356760700350751,760700350751,4/3/2023 1:24:25 PM
356869744350004,869744350004,4/3/2023 12:21:57 PM
356418389349920,418389349920,4/4/2023 2:52:48 PM
356143773346024,143773346024,4/3/2023 11:40:39 AM
356782923343854,782923343854,4/2/2023 1:41:57 PM
356354234337943,354234337943,4/11/2023 2:01:41 PM
356142743335903,142743335903,4/11/2023 3:10:59 AM
356355584330490,355584330490,4/3/2023 5:30:31 PM
356311715326450,311715326450,4/7/2023 1:34:26 PM
356591474323344,591474323344,
356158008323249,158008323249,4/3/2023 12:33:01 PM
356827417321252,827417321252,4/3/2023 9:36:27 PM
356163501318640,163501318640,4/7/2023 5:55:16 PM
356159545317264,159545317264,4/9/2023 12:11:54 AM
356885919314648,885919314648,4/7/2023 1:34:01 PM
356764316314157,764316314157,4/3/2023 2:18:12 PM
356531608306466,531608306466,4/3/2023 12:30:26 PM
356767550306326,767550306326,4/2/2023 11:58:21 AM
356359754303578,359754303578,4/8/2023 3:03:02 PM
356133272302160,133272302160,4/4/2023 2:43:52 PM
356176682294910,176682294910,4/3/2023 3:07:59 PM
356452605291914,452605291914,4/8/2023 5:13:08 PM
356863337290399,863337290399,
356771057290017,771057290017,4/3/2023 4:32:02 PM
356494725286508,494725286508,4/3/2023 2:53:56 PM
356776240281429,776240281429,4/6/2023 10:19:04 PM
356552177278816,552177278816,4/3/2023 8:04:41 PM
356339657274433,339657274433,4/6/2023 2:09:31 PM
356730373274308,730373274308,4/5/2023 7:01:31 PM
356616786272509,616786272509,4/3/2023 12:45:42 PM
356718630272432,718630272432,4/5/2023 5:05:45 PM
356814976269525,814976269525,
356252581269498,252581269498,4/5/2023 11:13:38 PM
356213904268723,213904268723,4/3/2023 3:30:19 PM
356566096263584,566096263584,4/6/2023 2:06:56 PM
356837573263477,837573263477,4/3/2023 10:23:07 PM
356334192260634,334192260634,4/2/2023 4:53:15 PM
356357985260098,357985260098,4/3/2023 11:23:06 AM
356939034259123,939034259123,4/3/2023 4:24:35 PM
356466665258320,466665258320,4/2/2023 12:23:34 PM
356685991256995,685991256995,4/3/2023 4:28:30 PM
356874693254170,874693254170,4/3/2023 11:21:22 AM
356140911252586,140911252586,4/2/2023 7:19:47 PM
356677192250087,677192250087,4/4/2023 2:20:06 PM
356874800230413,874800230413,4/2/2023 11:03:16 AM
356844324227652,844324227652,4/4/2023 6:46:14 PM
356359668226501,359668226501,4/2/2023 3:34:55 PM
356404843226157,404843226157,4/3/2023 11:02:53 AM
356161467224071,161467224071,4/3/2023 2:28:08 PM
356116806223546,116806223546,4/3/2023 7:42:06 PM
356408631222474,408631222474,4/3/2023 5:55:16 PM
356799493221741,799493221741,4/2/2023 11:40:58 AM
356898679217315,898679217315,4/2/2023 12:37:46 PM
356284499217126,284499217126,4/3/2023 12:52:22 PM
356221438214722,221438214722,4/9/2023 2:24:11 PM
356980097214331,980097214331,4/2/2023 1:55:06 PM
356155895213789,155895213789,4/2/2023 1:38:02 PM
356511106213748,511106213748,4/6/2023 12:14:41 PM
356803842213373,803842213373,4/3/2023 1:29:41 PM
356623982212464,623982212464,4/2/2023 2:41:03 PM
356609327212191,609327212191,4/2/2023 11:42:35 AM
356634327212084,634327212084,
356385890209322,385890209322,4/6/2023 12:08:10 PM
356806834206890,806834206890,4/5/2023 12:14:23 PM
356750148206527,750148206527,4/3/2023 2:17:30 PM
356799477206056,799477206056,4/3/2023 4:12:20 PM
356194151205440,194151205440,4/3/2023 5:05:28 PM
356637384198872,637384198872,4/2/2023 6:47:03 PM
356157772197087,157772197087,4/5/2023 7:14:08 PM
356395286194348,395286194348,4/1/2023 5:35:25 PM
356278191190510,278191190510,4/2/2023 7:05:28 PM
356175253188789,175253188789,4/3/2023 1:47:55 PM
356505245188361,505245188361,4/4/2023 5:15:52 PM
356235767185706,235767185706,4/6/2023 3:14:30 PM
356620646184499,620646184499,4/2/2023 2:28:57 PM
356327708183012,327708183012,4/3/2023 1:05:38 PM
356136417182593,136417182593,4/3/2023 11:54:04 AM
356515528180963,515528180963,4/3/2023 1:52:17 PM
356329527177538,329527177538,4/3/2023 12:13:31 PM
356874145174076,874145174076,4/3/2023 12:16:30 AM
356361419170305,361419170305,4/5/2023 7:17:48 PM
356302558168307,302558168307,4/2/2023 7:21:41 PM
356989242166890,989242166890,4/14/2023 8:04:42 PM
356523471164569,523471164569,4/4/2023 2:39:36 PM
356803953161460,803953161460,4/6/2023 1:32:23 PM
356484198145827,484198145827,4/7/2023 2:04:35 AM
356315523137280,315523137280,4/6/2023 2:51:18 PM
356369436136891,369436136891,4/6/2023 3:01:32 AM
356812876136419,812876136419,4/5/2023 12:03:50 PM
356807671132364,807671132364,4/1/2023 11:58:28 AM
356414766131424,414766131424,4/4/2023 7:39:20 AM
356949421131288,949421131288,4/5/2023 7:31:22 PM
356693757129525,693757129525,4/6/2023 2:56:07 AM
356716761123796,716761123796,3/30/2023 12:07:34 PM
356828985123449,828985123449,
356480957123339,480957123339,3/30/2023 12:14:31 PM
356654471122879,654471122879,4/1/2023 8:24:10 PM
356690542118639,690542118639,4/2/2023 2:10:28 PM
356797747111766,797747111766,4/6/2023 7:48:21 PM
356663985107650,663985107650,4/9/2023 9:28:10 AM
356476109101243,476109101243,3/30/2023 11:38:37 AM
356313997099102,313997099102,4/3/2023 11:12:16 AM
356556547097204,556547097204,3/30/2023 5:46:02 PM
356905429096975,905429096975,3/30/2023 11:19:48 AM
356744316096305,744316096305,4/3/2023 7:33:36 AM
356940572093994,940572093994,4/4/2023 8:12:12 PM
356358087090942,358087090942,
356524771089532,524771089532,4/3/2023 5:50:21 PM
356838748088666,838748088666,4/7/2023 11:03:24 AM
356979431088039,979431088039,
356114168087652,114168087652,4/2/2023 12:25:21 PM
356917780084131,917780084131,
356453619083217,453619083217,
356135141080371,135141080371,
356225053079949,225053079949,3/30/2023 1:30:23 PM
356699214079463,699214079463,3/30/2023 7:38:54 PM
356777624076843,777624076843,4/2/2023 5:36:29 PM
356355495073344,355495073344,4/3/2023 11:15:52 PM
356404394071575,404394071575,4/2/2023 1:22:59 PM
356424563071095,424563071095,3/30/2023 1:02:26 PM
356952513069464,952513069464,
356522602062686,522602062686,
356355812062434,355812062434,4/3/2023 1:14:35 PM
356597968054497,597968054497,4/5/2023 11:32:27 AM
356523713053623,523713053623,4/4/2023 1:37:26 AM
356273934053500,273934053500,3/30/2023 2:24:44 PM
356936625049111,936625049111,4/2/2023 9:16:53 PM
356272723048309,272723048309,3/30/2023 12:08:42 PM
356342008043345,342008043345,4/2/2023 7:42:57 PM
356930130041343,930130041343,
356746249040162,746249040162,
356546829039372,546829039372,3/30/2023 12:05:02 PM
356662977038704,662977038704,3/30/2023 12:47:55 PM
356603926038651,603926038651,3/30/2023 4:39:08 PM
356171202037543,171202037543,4/2/2023 6:42:51 PM
356833902037244,833902037244,3/30/2023 12:45:18 PM
356118764035989,118764035989,4/3/2023 12:24:37 PM
356849614035805,849614035805,4/5/2023 1:37:22 AM
356646831035791,646831035791,3/29/2023 12:05:32 PM
356641326034261,641326034261,4/2/2023 6:19:50 PM
356374912034014,374912034014,4/1/2023 8:06:44 PM
356980811033507,980811033507,3/30/2023 5:15:17 PM
356995617033096,995617033096,4/7/2023 11:36:24 AM
356426318030737,426318030737,4/2/2023 12:47:54 PM
356295353030678,295353030678,3/30/2023 11:32:10 AM
356998688030346,998688030346,3/30/2023 12:17:22 PM
356963092029738,963092029738,3/29/2023 3:51:25 PM
356704694028653,704694028653,3/30/2023 4:36:00 PM
356459959021677,459959021677,4/2/2023 10:00:42 AM
356885131019915,885131019915,
356163263019862,163263019862,3/30/2023 11:51:13 AM
356114847017577,114847017577,3/30/2023 12:19:39 PM
356265077017383,265077017383,4/2/2023 10:38:06 AM
356892874014706,892874014706,3/30/2023 1:27:02 PM
356254638013663,254638013663,3/30/2023 11:50:41 AM
356478330013009,478330013009,3/30/2023 2:04:27 PM
356631173012759,631173012759,4/3/2023 4:39:05 PM
356891359012534,891359012534,4/4/2023 5:16:09 PM
356547098012326,547098012326,4/4/2023 4:59:14 PM
356607071011320,607071011320,3/29/2023 3:59:14 PM
356427774011104,427774011104,3/29/2023 11:16:14 AM
356451348011078,451348011078,3/30/2023 1:58:45 PM
356293288009703,293288009703,3/30/2023 11:15:07 AM
356933867007212,933867007212,3/30/2023 12:13:37 PM
356596246004043,596246004043,3/29/2023 10:20:29 PM
356362643002181,362643002181,3/30/2023 11:44:27 AM
356356974001805,356974001805,3/30/2023 1:38:51 PM
356705360001771,705360001771,4/3/2023 5:17:09 PM
356674431001158,674431001158,4/3/2023 5:17:49 PM
356679895000742,679895000742,
356133684000601,133684000601,3/30/2023 3:03:39 PM
356342022994269,342022994269,4/2/2023 5:07:04 PM
356111415973290,111415973290,4/2/2023 2:33:06 PM
356416387968512,416387968512,3/29/2023 1:32:13 PM
356569011962708,569011962708,3/30/2023 5:26:27 PM
356192325960546,192325960546,3/28/2023 4:13:00 PM
356639854958687,639854958687,3/28/2023 4:42:00 PM
356613964958690,613964958690,3/28/2023 4:28:00 PM
356443256957646,443256957646,3/30/2023 7:38:34 PM
356323192955886,323192955886,3/28/2023 2:47:00 PM
356250199955531,250199955531,3/29/2023 8:03:55 PM
356422866954984,422866954984,3/28/2023 2:38:27 PM
356792498954031,792498954031,3/28/2023 6:06:07 PM
356234631952714,234631952714,3/28/2023 2:50:34 PM
356496993948522,496993948522,3/30/2023 1:50:13 PM
356274735946150,274735946150,3/28/2023 2:10:45 PM
356603206944734,603206944734,3/29/2023 11:39:12 AM
356886222944503,886222944503,3/29/2023 12:29:13 PM
356940984940332,940984940332,3/28/2023 3:52:42 PM
356180330934510,180330934510,3/29/2023 10:52:39 AM
356811613933074,811613933074,3/28/2023 2:40:00 PM
356202622932893,202622932893,3/28/2023 2:40:00 PM
356345908931122,345908931122,3/29/2023 2:12:45 PM
356256155928625,256155928625,3/28/2023 3:05:00 PM
356768639925989,768639925989,3/28/2023 2:12:42 PM
356326833917176,326833917176,
356681770916365,681770916365,3/29/2023 2:25:10 PM
356129408916315,129408916315,3/28/2023 3:25:00 PM
356584080914212,584080914212,3/28/2023 4:36:00 PM
356819862913946,819862913946,4/4/2023 8:43:34 AM
356188436911700,188436911700,4/1/2023 2:22:47 PM
356772337909591,772337909591,3/29/2023 2:21:59 PM
356396580903611,396580903611,3/30/2023 11:32:01 AM
356699079898798,699079898798,3/28/2023 4:11:18 PM
356959205893792,959205893792,3/29/2023 12:11:55 PM
356195025893251,195025893251,3/30/2023 6:19:56 PM
356670874891751,670874891751,3/29/2023 8:42:24 PM
356958007879034,958007879034,3/29/2023 1:59:02 PM
356130869874715,130869874715,3/30/2023 3:56:14 PM
356252366873311,252366873311,3/27/2023 5:46:00 PM
356692111871647,692111871647,3/29/2023 6:30:26 PM
356765677870749,765677870749,3/28/2023 3:34:00 PM
356527042869911,527042869911,3/28/2023 3:22:00 PM
356460881869289,460881869289,3/31/2023 2:33:56 PM
356991677868318,991677868318,3/29/2023 6:32:01 PM
356161811866870,161811866870,3/29/2023 6:42:58 PM
356799728865379,799728865379,3/28/2023 2:42:00 PM
356117492863121,117492863121,3/29/2023 9:59:31 PM
356501771861522,501771861522,3/28/2023 2:41:08 PM
356416765860704,416765860704,3/28/2023 2:54:00 PM
356970963858501,970963858501,4/2/2023 2:58:34 PM
356527546854520,527546854520,3/28/2023 3:48:00 PM
356933205853522,933205853522,3/29/2023 3:01:40 PM
356170910849670,170910849670,3/28/2023 4:09:00 PM
356843805845357,843805845357,3/30/2023 2:27:53 PM
356474661843260,474661843260,3/29/2023 8:45:15 PM
356142926839190,142926839190,3/30/2023 1:53:20 PM
356912635838797,912635838797,3/30/2023 1:12:32 PM
356364930838356,364930838356,3/29/2023 11:30:29 AM
356702131835096,702131835096,3/29/2023 7:14:06 PM
356209791834828,209791834828,4/1/2023 7:14:18 PM
356764241834708,764241834708,3/28/2023 2:54:00 PM
356831531832452,831531832452,3/27/2023 6:18:00 PM
356163629830795,163629830795,3/28/2023 3:27:00 PM
356273488830541,273488830541,3/28/2023 3:44:00 PM
356682917830320,682917830320,3/27/2023 3:32:00 PM
356549148829965,549148829965,3/30/2023 12:40:41 PM
356555029828624,555029828624,3/29/2023 8:25:40 PM
356970952827496,970952827496,3/28/2023 4:01:00 PM
356346573827318,346573827318,4/2/2023 12:00:49 AM
356280152826767,280152826767,4/5/2023 8:05:22 PM
356645081824254,645081824254,3/29/2023 1:55:45 PM
356803673823538,803673823538,
356545090821582,545090821582,
356382213821408,382213821408,3/29/2023 1:12:29 PM
356994316821072,994316821072,3/27/2023 4:23:00 PM
356467074820855,467074820855,
356181051818817,181051818817,3/28/2023 3:06:00 PM
356564791817363,564791817363,3/27/2023 2:10:00 PM
356141210816379,141210816379,3/26/2023 6:42:00 PM
356840524812814,840524812814,3/27/2023 3:33:00 PM
356363370811984,363370811984,3/27/2023 9:28:00 PM
356356096811322,356096811322,3/28/2023 3:42:00 PM
356913181806849,913181806849,3/30/2023 4:41:04 PM
356892024804296,892024804296,3/27/2023 2:22:00 PM
356450740799505,450740799505,
356690110798864,690110798864,3/27/2023 3:46:00 PM
356191981797825,191981797825,3/27/2023 5:22:00 PM
356128621796806,128621796806,3/27/2023 8:21:00 PM
356509189795866,509189795866,3/27/2023 4:48:00 PM
356843480795106,843480795106,3/27/2023 7:58:00 PM
356341634793720,341634793720,3/27/2023 2:26:00 PM
356708782787584,708782787584,3/27/2023 10:24:00 PM
356714206786251,714206786251,3/27/2023 2:40:00 PM
356136267785707,136267785707,4/1/2023 5:53:43 PM
356854643785128,854643785128,4/2/2023 12:15:11 PM
356999853783858,999853783858,3/28/2023 4:06:00 PM
356765770782104,765770782104,
356440254780414,440254780414,3/28/2023 3:50:00 PM
356357228778945,357228778945,3/27/2023 7:24:00 PM
356116401777148,116401777148,3/27/2023 8:32:00 PM
356943710775229,943710775229,3/28/2023 3:17:09 PM
356505095772753,505095772753,3/30/2023 8:54:23 PM
356608966772110,608966772110,3/30/2023 5:36:05 PM
356614083768674,614083768674,3/27/2023 7:36:00 PM
356481371759382,481371759382,3/27/2023 5:11:00 PM
356773939759184,773939759184,3/27/2023 5:09:00 PM
356465159756579,465159756579,3/27/2023 9:58:00 PM
356122766756063,122766756063,3/27/2023 3:17:00 PM
356356986755654,356986755654,4/6/2023 3:28:23 PM
356264545754889,264545754889,3/27/2023 7:35:00 PM
356944867754078,944867754078,3/27/2023 5:19:00 PM
356707916752645,707916752645,3/31/2023 5:50:13 PM
356119800752341,119800752341,3/27/2023 3:49:00 PM
356491731748995,491731748995,3/28/2023 4:02:00 PM
356237967748433,237967748433,
356833566747622,833566747622,3/27/2023 8:45:00 PM
356507502746747,507502746747,3/27/2023 4:13:00 PM
356669518746622,669518746622,4/2/2023 7:41:42 PM
356297835746382,297835746382,3/28/2023 2:42:00 PM
356275363745335,275363745335,3/27/2023 2:32:00 PM
356555246744555,555246744555,
356668866744430,668866744430,3/26/2023 2:12:00 PM
356207910742887,207910742887,3/28/2023 2:46:50 PM
356453219742248,453219742248,
356243705741835,243705741835,3/28/2023 5:17:58 PM
356366001741703,366001741703,3/27/2023 3:25:00 PM
356500050741519,500050741519,3/27/2023 7:18:00 PM
356592554741175,592554741175,3/28/2023 9:00:35 PM
356375469739559,375469739559,4/8/2023 10:24:55 AM
356114132738963,114132738963,3/26/2023 4:45:00 PM
356370247736451,370247736451,3/28/2023 2:13:53 PM
356166869734975,166869734975,3/26/2023 2:02:00 PM
356149859734530,149859734530,3/27/2023 6:45:00 PM
356495294734460,495294734460,3/26/2023 3:22:00 PM
356762615731176,762615731176,3/27/2023 2:14:00 PM
356350497727625,350497727625,3/27/2023 7:37:00 PM
356463430727588,463430727588,
356378215723463,378215723463,3/27/2023 11:33:00 PM
356431310714698,431310714698,3/27/2023 5:10:00 PM
356381415712023,381415712023,3/27/2023 6:31:00 PM
356806472711427,806472711427,3/26/2023 3:51:00 PM
356342431710806,342431710806,3/26/2023 2:21:00 PM
356281047707752,281047707752,3/28/2023 4:01:00 PM
356121014707104,121014707104,3/26/2023 2:53:00 PM
356194296701200,194296701200,3/27/2023 4:45:00 PM
356932035697971,932035697971,3/26/2023 6:00:00 PM
356337881695616,337881695616,3/26/2023 5:46:00 PM
356677459693252,677459693252,3/28/2023 4:08:00 PM
356432378691233,432378691233,3/27/2023 8:49:00 PM
356177991690250,177991690250,3/26/2023 1:44:00 PM
356473169689523,473169689523,3/29/2023 11:31:31 AM
356493465689083,493465689083,
356325007677477,325007677477,
356331815675976,331815675976,3/28/2023 2:54:20 PM
356828170675114,828170675114,3/27/2023 4:20:00 PM
356901031674483,901031674483,3/28/2023 3:47:00 PM
356905486672869,905486672869,3/27/2023 7:36:00 PM
356751924671593,751924671593,3/28/2023 7:16:21 PM
356412496670701,412496670701,3/28/2023 8:29:04 PM
356329042670485,329042670485,3/27/2023 3:34:00 PM
356172617670238,172617670238,3/26/2023 3:21:00 PM
356304221666818,304221666818,3/27/2023 2:00:00 PM
356869994666649,869994666649,3/28/2023 2:11:38 PM
356687330663887,687330663887,3/28/2023 7:06:07 PM
356832554663030,832554663030,
356666990662864,666990662864,3/26/2023 3:45:00 PM
356174092662735,174092662735,3/26/2023 3:26:00 PM
356891276660589,891276660589,3/26/2023 2:30:00 PM
356618186660388,618186660388,3/27/2023 12:58:00 PM
356837506659701,837506659701,3/27/2023 4:55:00 PM
356615894657312,615894657312,3/30/2023 12:43:38 PM
356950881656993,950881656993,3/30/2023 1:28:40 PM
356303273656125,303273656125,3/28/2023 3:59:25 PM
356620743656124,620743656124,3/27/2023 9:47:00 PM
356687383654235,687383654235,3/31/2023 4:35:15 PM
356129896653782,129896653782,
356295226652841,295226652841,3/27/2023 10:24:00 PM
356968295649300,968295649300,3/26/2023 6:19:00 PM
356259410647431,259410647431,3/28/2023 3:03:00 PM
356884418647243,884418647243,3/28/2023 2:45:00 PM
356665543643784,665543643784,3/26/2023 2:54:00 PM
356946641642286,946641642286,
356318245638422,318245638422,3/26/2023 5:36:00 PM
356207364629721,207364629721,3/29/2023 3:10:44 PM
356313866613523,313866613523,3/28/2023 7:16:21 PM
356146358612101,146358612101,3/28/2023 2:07:17 PM
356348773611793,348773611793,3/27/2023 6:29:00 PM
356357851610658,357851610658,3/27/2023 12:57:00 PM
356202283606896,202283606896,3/26/2023 5:59:00 PM
356154151591941,154151591941,3/26/2023 10:08:00 PM
356960995582695,960995582695,3/28/2023 2:59:04 PM
356433582582459,433582582459,3/26/2023 7:12:00 PM
356546577579012,546577579012,3/30/2023 6:47:00 PM
356967826577702,967826577702,3/28/2023 5:28:24 PM
356881096577375,881096577375,3/26/2023 5:43:00 PM
356205731577246,205731577246,3/27/2023 11:12:00 PM
356217126576508,217126576508,3/26/2023 1:09:00 AM
356988356575902,988356575902,3/28/2023 5:04:05 PM
356201663575917,201663575917,3/26/2023 5:19:00 PM
356584997575736,584997575736,3/28/2023 9:24:44 PM
356271575575377,271575575377,3/25/2023 2:14:00 PM
356462856575355,462856575355,3/26/2023 2:49:00 PM
356994768575338,994768575338,3/27/2023 3:04:00 PM
356454626574788,454626574788,3/27/2023 6:21:00 PM
356895192574682,895192574682,3/26/2023 5:35:00 PM
356661533574677,661533574677,3/26/2023 4:28:00 PM
356772477574315,772477574315,3/25/2023 4:51:00 PM
356771620574279,771620574279,3/26/2023 6:05:00 PM
356936969574186,936969574186,3/25/2023 5:00:00 PM
356515949573932,515949573932,3/27/2023 10:16:00 PM
356164120573847,164120573847,3/26/2023 3:36:00 PM
356948956573861,948956573861,3/27/2023 6:02:00 PM
356553201573750,553201573750,3/27/2023 10:13:00 PM
356337499573666,337499573666,3/26/2023 5:44:00 PM
356354893573114,354893573114,3/25/2023 5:07:00 PM
356448509573105,448509573105,3/26/2023 9:41:00 PM
356392309572892,392309572892,3/26/2023 3:34:00 PM
356427313572759,427313572759,3/26/2023 10:35:00 PM
356618408572719,618408572719,3/25/2023 6:38:00 PM
356651432572685,651432572685,3/26/2023 3:03:00 PM
356292011572674,292011572674,3/26/2023 6:37:00 PM
356194868572454,194868572454,3/25/2023 2:49:00 PM
356353935572433,353935572433,3/28/2023 2:32:56 PM
356662590572259,662590572259,3/25/2023 7:36:00 PM
356581578572325,581578572325,3/27/2023 10:45:00 PM
356124130572155,124130572155,3/25/2023 4:39:00 PM
356812616571980,812616571980,3/28/2023 3:51:45 PM
356548560571967,548560571967,3/26/2023 1:50:00 PM
356665656571930,665656571930,3/25/2023 11:56:00 PM
356663109571870,663109571870,3/26/2023 7:46:00 PM
356683870571889,683870571889,3/26/2023 4:20:00 PM
356886538571514,886538571514,3/25/2023 4:04:00 PM
356498812571289,498812571289,3/27/2023 10:06:00 PM
356594879558418,594879558418,3/26/2023 5:36:00 PM
356519377570001,519377570001,
356806025569226,806025569226,3/26/2023 3:35:00 PM
356720297563718,720297563718,3/27/2023 5:05:00 PM
356215356560486,215356560486,3/25/2023 2:44:00 PM
356315874558700,315874558700,3/28/2023 3:51:00 PM
356536967552250,536967552250,3/26/2023 6:55:00 PM
356192983535549,192983535549,3/25/2023 5:09:00 PM
356740384525869,740384525869,3/26/2023 4:13:00 PM
356385901524255,385901524255,3/26/2023 12:22:00 AM
356194422519615,194422519615,3/27/2023 5:56:00 PM
356661410513689,661410513689,3/25/2023 3:08:00 PM
356165360509089,165360509089,3/25/2023 6:57:00 PM
356377772507814,377772507814,3/25/2023 6:42:00 PM
356363655507213,363655507213,3/28/2023 5:26:57 PM
356472741504292,472741504292,3/28/2023 1:45:00 AM
356546197503674,546197503674,3/25/2023 6:51:00 PM
356983612503149,983612503149,3/26/2023 2:19:00 PM
356728715499314,728715499314,3/23/2023 7:09:00 PM
356463920496215,463920496215,3/27/2023 2:47:00 AM
356229370491043,229370491043,3/25/2023 11:48:00 PM
356331704479880,331704479880,3/23/2023 2:56:00 PM
356772502443652,772502443652,3/22/2023 11:12:00 PM
356216509431246,216509431246,3/28/2023 12:24:00 AM
356420945429536,420945429536,3/28/2023 12:47:00 AM
356116627425357,116627425357,3/27/2023 11:39:00 PM
356337642420966,337642420966,3/22/2023 8:02:00 PM
356281858417742,281858417742,3/23/2023 5:15:00 PM
356991312416500,991312416500,
356959315413675,959315413675,3/23/2023 5:05:00 PM
356247760413108,247760413108,3/22/2023 10:16:00 PM
356558169412677,558169412677,3/23/2023 4:38:00 PM
356429583408786,429583408786,3/22/2023 7:50:00 PM
356151666401827,151666401827,3/25/2023 8:12:00 PM
356404383401399,404383401399,
356473717400562,473717400562,3/22/2023 4:03:00 PM
5275018164,904-1,3/21/2023 4:42:00 PM
356797458395031,797458395031,3/26/2023 10:58:00 PM
356169110390717,169110390717,3/22/2023 8:01:00 PM
356189279379301,189279379301,3/21/2023 7:06:00 PM
356646389332940,646389332940,3/21/2023 8:42:00 PM
356411534329442,411534329442,3/21/2023 8:57:00 PM
356900203324420,900203324420,
356795723324457,795723324457,3/21/2023 5:59:00 PM
356978927322699,978927322699,3/23/2023 6:14:00 PM
356905620319604,905620319604,3/21/2023 4:32:00 PM
356929,929,3/23/2023 3:15:00 PM
356928,928,3/21/2023 3:11:00 PM
356927,927,3/23/2023 2:13:00 PM
356926,926,3/20/2023 6:18:00 PM
356925,925,3/21/2023 4:21:00 PM
356924,924,3/23/2023 11:59:00 AM
356923,923,3/23/2023 8:40:00 PM
356922,922,3/19/2023 5:46:00 PM
356921,921,
356919,919,3/19/2023 4:53:00 PM
9492289217,ord0001,3/15/2023 2:25:00 PM
356918,918,3/21/2023 11:19:00 AM
356916999999999,916999999999,
356917999999999,917999999999,
356917999999999999999,917999999999999999,
356917,917,3/15/2023 12:49:00 PM
356916,916,3/15/2023 4:31:00 PM
356915,915,3/14/2023 3:02:00 PM
356914,914,3/14/2023 12:53:00 PM
356913,913,3/20/2023 2:30:00 PM
356912,912,3/14/2023 2:35:00 PM
356911,911,3/14/2023 12:06:00 PM
4989300719,887-1,3/16/2023 1:10:00 PM
356910,910,3/12/2023 7:26:00 PM
356909,909,3/21/2023 7:20:00 PM
356908,908,3/14/2023 3:05:00 PM
356907,907,3/13/2023 10:05:00 PM
8838527777,3560004,
3647413776,3560003,3/21/2023 7:10:00 PM
3942974475,3560002,3/11/2023 7:02:00 PM
7693129474,3560001,3/12/2023 2:17:00 PM
356906,906,
356905,905,3/13/2023 5:09:00 PM
356904,904,
356903,903,3/12/2023 4:55:00 PM
356884,884,3/11/2023 8:46:00 PM
356896,896,3/9/2023 2:09:00 PM
356902,902,3/13/2023 6:06:00 PM
356901,901,3/21/2023 7:11:00 PM
356900,900,3/15/2023 3:41:07 PM
356899,899,3/14/2023 2:54:00 PM
356898,898,
356897,897,3/11/2023 7:32:00 PM
356895,895,3/7/2023 2:40:00 PM
356893,893,3/7/2023 4:39:00 PM
356892,892,
356891,891,
356890,890,
356889,889,3/11/2023 9:53:00 PM
356888,888,3/7/2023 12:47:00 PM
356887,887,
356886,886,3/9/2023 2:03:00 PM
356885,885,3/14/2023 1:31:00 PM
356883,883,3/16/2023 12:04:00 PM
356882,882,3/9/2023 1:36:00 PM
